3zso	3zso
3zso	3ao4
3zso	3zsx
3zso	3zt2
3zso	4cig
4agn	4agn
4agn	4agp
4agn	4agq
4agn	5a7b
4agn	5aba
4bkt	4bkt
4bkt	4w9c
4bkt	4w9i
4bkt	4w9l
4bkt	4w9h
4cr9	4cr9
4cr9	4cra
4cr9	4crc
4cr9	4ty7
4cr9	4x6p
4ddk	4ddk
4ddk	3coy
4ddk	3coz
4ddk	3ivg
4ddk	4ddh
4dld	4dld
4dld	3fv1
4dld	3fv2
4dld	3gbb
4dld	1vso
4e5w	4e5w
4e5w	4k77
4e5w	4ivb
4e5w	4ivc
4e5w	4ivd
4eor	4eor
4eor	2fvd
4eor	3pxf
4eor	1pxn
4eor	2xnb
4f2w	4f2w
4f2w	1nc1
4f2w	1nc3
4f2w	1y6r
4f2w	4f3c
4j21	4j21
4j21	4j3l
4j21	3kr8
4j21	4kzq
4j21	4kzu
4jia	4jia
4jia	4e6q
4jia	4f09
4jia	4gfm
4jia	4hge
4llx	4llx
4llx	3ui7
4llx	3uuo
4llx	5c28
4llx	5c2h
4m0z	4m0z
4m0z	4m0y
4m0z	3qgy
4m0z	4qd6
4m0z	4rfm
4owm	4owm
4owm	3qqs
4owm	3twp
4owm	3r88
4owm	4gkm
4qac	4qac
4qac	3wtj
4qac	3u8k
4qac	3u8n
4qac	3zdg
4tmn	4tmn
4tmn	1qf1
4tmn	1z9g
4tmn	3fcq
4tmn	5tmn
1a30	1a30
1a30	1eby
1a30	1g2k
1a30	2qnq
1a30	3o9i
1c5z	1c5z
1c5z	1o5b
1c5z	1owh
1c5z	1sqa
1c5z	3kgp
1e66	1e66
1e66	1gpk
1e66	1gpn
1e66	1h22
1e66	1h23
1k1i	1k1i
1k1i	1o3f
1k1i	1uto
1k1i	3gy4
1k1i	4abg
1o0h	1o0h
1o0h	1u1b
1o0h	1w4o
1o0h	3d6q
1o0h	3dxg
1q8u	1q8u
1q8u	1q8t
1q8u	1ydr
1q8u	1ydt
1q8u	3ag9
1qkt	1qkt
1qkt	2p15
1qkt	2pog
1qkt	2qe4
1qkt	4mgd
2al5	2al5
2al5	1p1n
2al5	1p1q
2al5	1syi
2al5	4u4s
2br1	2br1
2br1	1nvq
2br1	2brb
2br1	3jvr
2br1	3jvs
2p4y	2p4y
2p4y	2yfe
2p4y	3b1m
2p4y	3fur
2p4y	3u9q
2qbr	2qbr
2qbr	1bzc
2qbr	2hb1
2qbr	2qbp
2qbr	2qbq
2r9w	2r9w
2r9w	3gr2
2r9w	3gv9
2r9w	4jxs
2r9w	4kz6
2v00	2v00
2v00	3prs
2v00	3pww
2v00	3uri
2v00	3wz8
2wbg	2wbg
2wbg	2cbv
2wbg	2j78
2wbg	2cet
2wbg	2j7h
2weg	2weg
2weg	3dd0
2weg	3kwa
2weg	3ryj
2weg	4jsz
2wer	2wer
2wer	2fxs
2wer	2iwx
2wer	2vw5
2wer	2yge
2wvt	2wvt
2wvt	2xii
2wvt	4j28
2wvt	4jfs
2wvt	4pcs
2xdl	2xdl
2xdl	1yc1
2xdl	2yki
2xdl	3b27
2xdl	3rlr
2xj7	2xj7
2xj7	2vvn
2xj7	2w4x
2xj7	2w66
2xj7	2wca
2y5h	2y5h
2y5h	1lpg
2y5h	1mq6
2y5h	1z6e
2y5h	2xbv
2ymd	2ymd
2ymd	2wn9
2ymd	2wnc
2ymd	2x00
2ymd	2xys
2zcq	2zcq
2zcq	2zcr
2zcq	2zy1
2zcq	3acw
2zcq	4ea2
3arq	3arq
3arq	3arp
3arq	3aru
3arq	3arv
3arq	3ary
3bv9	3bv9
3bv9	1bcu
3bv9	3utu
3bv9	2zda
3bv9	1oyt
3d4z	3d4z
3d4z	1ps3
3d4z	3dx1
3d4z	3dx2
3d4z	3ejr
3e5a	3e5a
3e5a	2wtv
3e5a	3myg
3e5a	3uo4
3e5a	3up2
3e92	3e92
3e92	2zb1
3e92	3e93
3e92	4dli
3e92	4f9w
3ebp	3ebp
3ebp	4eky
3ebp	3g2n
3ebp	3l7b
3ebp	3syr
3f3c	3f3c
3f3c	3f3d
3f3c	3f3e
3f3c	3f3a
3f3c	4mme
3g0w	3g0w
3g0w	3b5r
3g0w	3b65
3g0w	3b68
3g0w	1z95
3g2z	3g2z
3g2z	3g31
3g2z	4de1
3g2z	4de2
3g2z	4de3
3gc5	3gc5
3gc5	1r5y
3gc5	1s38
3gc5	3ge7
3gc5	3rr4
3gnw	3gnw
3gnw	3cj4
3gnw	4eo8
3gnw	4ih5
3gnw	4ih7
3jya	3jya
3jya	2c3i
3jya	4k18
3jya	5dwr
3jya	3bgz
3k5v	3k5v
3k5v	3pyy
3k5v	4twp
3k5v	2v7a
3k5v	3mss
3n76	3n76
3n76	2xb8
3n76	4ciw
3n76	3n7a
3n76	3n86
3nw9	3nw9
3nw9	3oe4
3nw9	3oe5
3nw9	3ozs
3nw9	3ozt
3p5o	3p5o
3p5o	3u5j
3p5o	4lzs
3p5o	4ogj
3p5o	4wiv
3tsk	3tsk
3tsk	3ehy
3tsk	3lka
3tsk	3nx7
3tsk	4gr0
3udh	3udh
3udh	4djv
3udh	2vkm
3udh	4gid
3udh	3rsx
3uex	3uex
3uex	3nq9
3uex	3ueu
3uex	3uev
3uex	3uew
